	Bottom	Middle	Top
Bottom	0.0	0.5842105263157895	0.6312272174969623
Middle	0.5842105263157895	0.0	0.630817610062893
Top	0.6312272174969623	0.630817610062893	0.0
