	Day.1	Day.29
Day.1	0.0	0.6532212885154062
Day.29	0.6532212885154062	0.0
