	Bottom	Middle	Top
Bottom	0.0	0.23234402831432602	0.39327766082953575
Middle	0.23234402831432602	0.0	0.4136112331999352
Top	0.39327766082953575	0.4136112331999352	0.0
