	Day.1	Day.29
Day.1	0.0	0.33368803349603277
Day.29	0.33368803349603277	0.0
