	Bottom	Middle	Top
Bottom	0	0.1926800099073299	0.1748424967515462
Middle	0.1926800099073299	0	0.2791865866979369
Top	0.1748424967515462	0.2791865866979369	0
