	Day.1	Day.29
Day.1	0	0.4363219656983972
Day.29	0.4363219656983972	0
