	Bottom	Middle	Top
Bottom	0	0.3886219836992266	0.4207347623342926
Middle	0.3886219836992266	0	0.3986757347103374
Top	0.4207347623342926	0.3986757347103374	0
