	Day.1	Day.29
Day.1	0	0.1717518899247776
Day.29	0.1717518899247776	0
